"cod_cliente";"cod_convenio";"cpf_cnpj";"ultima_alteracao";"ultimo_contato";"score";"cod_contrato";"bloqueado_ate";"erro_indice";"ultima_importacao";"status_informacao";"motivo_sincronismo";"bloqueado";"motivo_bloqueio";"status_multcall";"data_maior_atraso";"valor_divida";"qtd_contratos_abertos";"qtd_titulos_abertos";"cod_ts";"ultima_atualizacao_controle";"ultima_atualizacao_divida";"atraso";"atraso_cob";"valor_divida_cob";"devolver";"ultima_conferencia_devolucao";"prioridade";"prioridade_inicial";"nao_localizado";"tipo_motivo_bloqueio";"cod_usuario_bloqueio";"dh_tentativa";"dh_cutil";"dh_cup";"dh_venda";"dh_recusa";"dh_sucesso";"dh_extra1";"dh_extra2";"dh_extra3";"dh_acionamento";"ultima_localizacao_telefones";"data_cadastramento";"probabilidade_pagamento";"cod_usuario_propriedade";"cod_ro_propriedade";"propriedade_vigencia";"propriedade_ocorrencias";"data_baixa";"valor_divida_ultima_atualizacao";"valor_divida_ultima_baixa";"valor_divida_ultimo_acordo";"arquivo_origem";"linha_origem";"multcall_aberto";"multcall_fila";"multcall_follow";"filtro_telefones";"descricao_filtro_telefones";"filtro_tipo_tel_celular";"filtro_tipo_tel_comercial";"filtro_tipo_tel_indefinido";"filtro_tipo_tel_residencial";"filtro_status_tel_abertobom";"filtro_status_tel_aberto";"filtro_status_tel_finalizado_tentativas";"filtro_status_tel_finalizado_ruim";"filtro_status_origem_importacao";"filtro_status_origem_localizacao";"filtro_data_validade";"filtro_tipo_tel_fax";"filtro_tipo_tel_recado";"filtro_status_origem_cadastro";"filtro_status_origem_multcall";"filtro_status_origem_receptiva";"existe_filtro_telefone";"filtro_status_tel_finalizado";"filtro_status_tel_finalizado_operador";"multcall_campanha";"filtro_status_origem_lastphone";"filtro_status_origem_bureau";"filtro_status_origem_hotigeoc";"filtro_status_tel_abertohot";"filtro_status_tel_validado";"valor_total_desconto";"cod_usuario_preferencial";"status_preview";"cod_contrato_atual";"horario_follow"
"5580587";"1186";"02979576514";"2017-11-06 02:16:32.529161";"";"";"7524894";"";"";"2017-11-06 02:16:32.935118";"2";"4";"f";"";"0";"2017-07-24";"2302.54";"1";"1";"5";"";"";"88";"88";"2302.54";"";"";"";"";"f";"";"";"";"";"";"";"";"";"";"";"";"";"2017-11-06 02:16:32.529161";"2017-10-09";"";"";"";"";"";"";"2302.54";"";"";"inclusao_alternativo_041017.csv";"13";"";"";"";"4294967295";"";"t";"t";"t";"t";"t";"t";"t";"t";"t";"t";"";"t";"t";"t";"t";"t";"f";"t";"t";"";"t";"t";"t";"t";"t";"";"";"";"";""
"5580663";"1186";"46519297453";"2017-11-06 02:52:11.339247";"";"";"7524982";"";"";"2017-11-06 02:52:11.691318";"2";"4";"f";"";"0";"2017-08-10";"1974.82";"1";"1";"5";"";"";"81";"81";"1974.82";"";"";"";"";"f";"";"";"";"";"";"";"";"";"";"";"";"";"2017-11-06 02:52:11.339247";"2017-10-09";"";"";"";"";"";"";"1974.82";"";"";"inclusao_alternativo_041017.csv";"128";"";"";"";"4294967295";"";"t";"t";"t";"t";"t";"t";"t";"t";"t";"t";"";"t";"t";"t";"t";"t";"f";"t";"t";"";"t";"t";"t";"t";"t";"";"";"";"";""
"5580626";"1186";"58603387400";"2017-11-06 02:56:03.843522";"";"";"7524938";"";"";"2017-11-06 02:56:05.276119";"2";"4";"f";"";"0";"2017-06-26";"1493.93";"1";"1";"5";"";"";"116";"116";"1493.93";"";"";"";"";"f";"";"";"";"";"";"";"";"";"";"";"";"";"2017-11-06 02:56:03.843522";"2017-10-09";"";"";"";"";"";"";"1493.93";"";"";"inclusao_alternativo_041017.csv";"142";"";"";"";"4294967295";"";"t";"t";"t";"t";"t";"t";"t";"t";"t";"t";"";"t";"t";"t";"t";"t";"f";"t";"t";"";"t";"t";"t";"t";"t";"";"";"";"";""
"5580552";"1186";"06305077835";"2017-11-06 02:23:17.918195";"";"";"7524855";"";"";"2017-11-06 02:23:18.426078";"2";"4";"f";"";"0";"2017-06-30";"723.42";"1";"1";"5";"";"";"112";"112";"723.42";"";"";"";"";"f";"";"";"";"";"";"";"";"";"";"";"";"";"2017-11-06 02:23:17.918195";"2017-10-09";"";"";"";"";"";"";"723.42";"";"";"inclusao_alternativo_041017.csv";"34";"";"";"";"4294967295";"";"t";"t";"t";"t";"t";"t";"t";"t";"t";"t";"";"t";"t";"t";"t";"t";"f";"t";"t";"";"t";"t";"t";"t";"t";"";"";"";"";""
"5580577";"1186";"55966144249";"2017-11-06 02:55:12.096239";"";"";"7524883";"";"";"2017-11-06 02:55:12.413297";"2";"4";"f";"";"0";"2017-08-08";"3852.57";"1";"1";"5";"";"";"80";"80";"3852.57";"";"";"";"";"f";"";"";"";"";"";"";"";"";"";"";"";"";"2017-11-06 02:55:12.096239";"2017-10-09";"";"";"";"";"";"";"3852.57";"";"";"inclusao_alternativo_041017.csv";"141";"";"";"";"4294967295";"";"t";"t";"t";"t";"t";"t";"t";"t";"t";"t";"";"t";"t";"t";"t";"t";"f";"t";"t";"";"t";"t";"t";"t";"t";"";"";"";"";""
"5581360";"1186";"02457002001";"2017-10-25 09:00:58.026016";"";"";"7525733";"";"";"2017-10-25 09:00:58.026016";"2";"4";"f";"";"0";"2017-08-30";"1644.73";"1";"1";"5";"";"2017-11-06 20:21:33.609613";"68";"68";"1644.73";"";"";"";"";"f";"";"";"";"";"";"";"";"";"";"";"";"";"2017-10-13 16:52:33.218711";"2017-10-13";"";"";"";"";"";"";"1644.73";"";"1644.73";"Inclusão 07.10.csv";"27";"";"";"";"4294967295";"";"t";"t";"t";"t";"t";"t";"t";"t";"t";"t";"";"t";"t";"t";"t";"t";"f";"t";"t";"";"t";"t";"t";"t";"t";"";"";"";"";""
"5580546";"1186";"01235871070";"2017-11-07 09:23:00.384143";"";"";"7524849";"";"";"2017-11-07 09:23:00.384143";"2";"4";"f";"";"0";"2017-08-21";"592.56";"1";"1";"5";"";"";"78";"78";"592.56";"";"";"";"";"f";"";"";"";"";"";"";"";"";"";"";"";"";"2017-11-07 03:38:02.273957";"2017-10-09";"";"";"";"";"";"";"592.56";"";"";"inclusao_alternativo_041017.csv";"5";"";"";"";"4294967295";"";"t";"t";"t";"t";"t";"t";"t";"t";"t";"t";"";"t";"t";"t";"t";"t";"f";"t";"t";"";"t";"t";"t";"t";"t";"";"";"";"";""
"5580542";"1186";"96018437104";"2017-11-06 03:08:56.331173";"";"";"7524845";"";"";"2017-11-06 03:08:56.565794";"2";"4";"f";"";"0";"2017-08-21";"2122.94";"1";"1";"5";"";"";"60";"60";"2122.94";"";"";"";"";"f";"";"";"";"";"";"";"";"";"";"";"";"";"2017-11-06 03:08:56.331173";"2017-10-09";"";"";"";"";"";"";"2122.94";"";"";"inclusao_alternativo_041017.csv";"169";"";"";"";"4294967295";"";"t";"t";"t";"t";"t";"t";"t";"t";"t";"t";"";"t";"t";"t";"t";"t";"f";"t";"t";"";"t";"t";"t";"t";"t";"";"";"";"";""
"5584462";"1186";"16550862000";"2017-11-06 09:56:23.175886";"";"";"7529017";"";"";"2017-11-06 09:56:23.175886";"2";"4";"f";"";"0";"2017-04-10";"1732.81";"1";"1";"5";"";"";"210";"210";"1732.81";"";"";"";"";"f";"";"";"";"";"";"";"";"";"";"";"";"";"2017-10-19 15:56:22.650551";"2017-10-19";"";"";"";"";"";"";"1732.81";"";"1732.81";"Inclusão 18.10.csv";"478";"";"";"";"4294967295";"";"t";"t";"t";"t";"t";"t";"t";"t";"t";"t";"";"t";"t";"t";"t";"t";"f";"t";"t";"";"t";"t";"t";"t";"t";"";"";"";"";""
"5580574";"1186";"96106590478";"2017-11-06 03:09:02.550819";"";"";"7524880";"";"";"2017-11-06 03:09:02.732174";"2";"4";"f";"";"0";"2017-06-30";"1633.40";"1";"1";"5";"";"";"112";"112";"1633.40";"";"";"";"";"f";"";"";"";"";"";"";"";"";"";"";"";"";"2017-11-06 03:09:02.550819";"2017-10-09";"";"";"";"";"";"";"1633.40";"";"";"inclusao_alternativo_041017.csv";"170";"";"";"";"4294967295";"";"t";"t";"t";"t";"t";"t";"t";"t";"t";"t";"";"t";"t";"t";"t";"t";"f";"t";"t";"";"t";"t";"t";"t";"t";"";"";"";"";""
"5580652";"1186";"20697406504";"2017-11-06 02:37:02.845216";"";"";"7524971";"";"";"2017-11-06 02:37:03.549466";"2";"4";"f";"";"0";"2017-07-03";"422.28";"1";"1";"5";"";"";"112";"112";"422.28";"";"";"";"";"f";"";"";"";"";"";"";"";"";"";"";"";"";"2017-11-06 02:37:02.845216";"2017-10-09";"";"";"";"";"";"";"422.28";"";"";"inclusao_alternativo_041017.csv";"87";"";"";"";"4294967295";"";"t";"t";"t";"t";"t";"t";"t";"t";"t";"t";"";"t";"t";"t";"t";"t";"f";"t";"t";"";"t";"t";"t";"t";"t";"";"";"";"";""
"5580671";"1186";"32378181353";"2017-11-06 02:44:33.356354";"";"";"7524990";"";"";"2017-11-06 02:44:34.438493";"2";"4";"f";"";"0";"2017-06-30";"8920.38";"1";"1";"5";"";"";"112";"112";"8920.38";"";"";"";"";"f";"";"";"";"";"";"";"";"";"";"";"";"";"2017-11-06 02:44:33.356354";"2017-10-09";"";"";"";"";"";"";"8920.38";"";"";"inclusao_alternativo_041017.csv";"108";"";"";"";"4294967295";"";"t";"t";"t";"t";"t";"t";"t";"t";"t";"t";"";"t";"t";"t";"t";"t";"f";"t";"t";"";"t";"t";"t";"t";"t";"";"";"";"";""
"5580641";"1186";"07901895500";"2017-11-06 02:26:03.109178";"";"";"7524956";"";"";"2017-11-06 02:26:03.853417";"2";"4";"f";"";"0";"2017-08-09";"1875.45";"1";"1";"5";"";"";"82";"82";"1875.45";"";"";"";"";"f";"";"";"";"";"";"";"";"";"";"";"";"";"2017-11-06 02:26:03.109178";"2017-10-09";"";"";"";"";"";"";"1875.45";"";"";"inclusao_alternativo_041017.csv";"39";"";"";"";"4294967295";"";"t";"t";"t";"t";"t";"t";"t";"t";"t";"t";"";"t";"t";"t";"t";"t";"f";"t";"t";"";"t";"t";"t";"t";"t";"";"";"";"";""
"5580619";"1186";"25898833153";"2017-11-06 02:39:32.671172";"";"";"7524931";"";"";"2017-11-06 02:39:32.976741";"2";"4";"f";"";"0";"2017-07-10";"472.59";"1";"1";"5";"";"";"102";"102";"472.59";"";"";"";"";"f";"";"";"";"";"";"";"";"";"";"";"";"";"2017-11-06 02:39:32.671172";"2017-10-09";"";"";"";"";"";"";"472.59";"";"";"inclusao_alternativo_041017.csv";"96";"";"";"";"4294967295";"";"t";"t";"t";"t";"t";"t";"t";"t";"t";"t";"";"t";"t";"t";"t";"t";"f";"t";"t";"";"t";"t";"t";"t";"t";"";"";"";"";""
"5580588";"1186";"29131051812";"2017-11-06 02:42:15.481247";"";"";"7524896";"";"";"2017-11-06 02:42:15.652242";"2";"4";"f";"";"0";"2017-07-24";"1352.34";"1";"1";"5";"";"";"93";"93";"1352.34";"";"";"";"";"f";"";"";"";"";"";"";"";"";"";"";"";"";"2017-11-06 02:42:15.481247";"2017-10-09";"";"";"";"";"";"";"1352.34";"";"";"inclusao_alternativo_041017.csv";"103";"";"";"";"4294967295";"";"t";"t";"t";"t";"t";"t";"t";"t";"t";"t";"";"t";"t";"t";"t";"t";"f";"t";"t";"";"t";"t";"t";"t";"t";"";"";"";"";""
"5580680";"1186";"02542539545";"2017-11-07 03:42:51.040005";"";"";"7525000";"";"";"2017-11-07 03:42:51.328189";"2";"4";"f";"";"0";"2017-08-18";"4242.66";"1";"1";"5";"";"";"63";"63";"4242.66";"";"";"";"";"f";"";"";"";"";"";"";"";"";"";"";"";"";"2017-11-07 03:42:51.040005";"2017-10-09";"";"";"";"";"";"";"4242.66";"";"";"inclusao_alternativo_041017.csv";"11";"";"";"";"4294967295";"";"t";"t";"t";"t";"t";"t";"t";"t";"t";"t";"";"t";"t";"t";"t";"t";"f";"t";"t";"";"t";"t";"t";"t";"t";"";"";"";"";""
"5580571";"1186";"87795035191";"2017-11-06 03:06:07.574657";"";"";"7524877";"";"";"2017-11-06 03:06:07.655206";"2";"4";"f";"";"0";"2017-08-21";"3242.59";"1";"1";"5";"";"";"60";"60";"3242.59";"";"";"";"";"f";"";"";"";"";"";"";"";"";"";"";"";"";"2017-11-06 03:06:07.574657";"2017-10-09";"";"";"";"";"";"";"3242.59";"";"";"inclusao_alternativo_041017.csv";"157";"";"";"";"4294967295";"";"t";"t";"t";"t";"t";"t";"t";"t";"t";"t";"";"t";"t";"t";"t";"t";"f";"t";"t";"";"t";"t";"t";"t";"t";"";"";"";"";""
"5580551";"1186";"17552548819";"2017-11-06 02:35:09.40495";"";"";"7524854";"";"";"2017-11-06 02:35:09.50825";"2";"4";"f";"";"0";"2017-07-04";"1032.07";"1";"1";"5";"";"";"113";"113";"1032.07";"";"";"";"";"f";"";"";"";"";"";"";"";"";"";"";"";"";"2017-11-06 02:35:09.40495";"2017-10-09";"";"";"";"";"";"";"1032.07";"";"";"inclusao_alternativo_041017.csv";"79";"";"";"";"4294967295";"";"t";"t";"t";"t";"t";"t";"t";"t";"t";"t";"";"t";"t";"t";"t";"t";"f";"t";"t";"";"t";"t";"t";"t";"t";"";"";"";"";""
"5580594";"1186";"05286240836";"2017-11-06 02:21:39.933959";"";"";"7524902";"";"";"2017-11-06 02:21:40.314349";"2";"4";"f";"";"0";"2017-08-08";"1295.89";"1";"1";"5";"";"";"80";"80";"1295.89";"";"";"";"";"f";"";"";"";"";"";"";"";"";"";"";"";"";"2017-11-06 02:21:39.933959";"2017-10-09";"";"";"";"";"";"";"1295.89";"";"";"inclusao_alternativo_041017.csv";"28";"";"";"";"4294967295";"";"t";"t";"t";"t";"t";"t";"t";"t";"t";"t";"";"t";"t";"t";"t";"t";"f";"t";"t";"";"t";"t";"t";"t";"t";"";"";"";"";""
"5580560";"1186";"39722414291";"2017-11-06 09:49:48.046746";"";"";"7524864";"";"";"2017-11-06 09:49:48.046746";"2";"4";"f";"";"0";"2017-06-19";"993.44";"1";"1";"5";"";"";"140";"140";"993.44";"";"";"";"";"f";"";"";"";"";"";"";"";"";"";"";"";"";"2017-11-06 02:49:07.378416";"2017-10-09";"";"";"";"";"";"";"993.44";"";"";"inclusao_alternativo_041017.csv";"118";"";"";"";"4294967295";"";"t";"t";"t";"t";"t";"t";"t";"t";"t";"t";"";"t";"t";"t";"t";"t";"f";"t";"t";"";"t";"t";"t";"t";"t";"";"";"";"";""
"5580614";"1186";"45257175720";"2017-11-06 02:51:40.072044";"";"";"7524926";"";"";"2017-11-06 02:51:40.427392";"2";"4";"f";"";"0";"2017-07-31";"2262.61";"1";"1";"5";"";"";"81";"81";"2262.61";"";"";"";"";"f";"";"";"";"";"";"";"";"";"";"";"";"";"2017-11-06 02:51:40.072044";"2017-10-09";"";"";"";"";"";"";"2262.61";"";"";"inclusao_alternativo_041017.csv";"125";"";"";"";"4294967295";"";"t";"t";"t";"t";"t";"t";"t";"t";"t";"t";"";"t";"t";"t";"t";"t";"f";"t";"t";"";"t";"t";"t";"t";"t";"";"";"";"";""
"5580623";"1186";"04086622394";"2017-11-06 02:19:16.934793";"";"";"7524935";"";"";"2017-11-06 02:19:17.010389";"2";"4";"f";"";"0";"2017-08-03";"352.99";"1";"1";"5";"";"";"81";"81";"352.99";"";"";"";"";"f";"";"";"";"";"";"";"";"";"";"";"";"";"2017-11-06 02:19:16.934793";"2017-10-09";"";"";"";"";"";"";"352.99";"";"";"inclusao_alternativo_041017.csv";"21";"";"";"";"4294967295";"";"t";"t";"t";"t";"t";"t";"t";"t";"t";"t";"";"t";"t";"t";"t";"t";"f";"t";"t";"";"t";"t";"t";"t";"t";"";"";"";"";""
"5580634";"1186";"03972800681";"2017-11-07 09:21:12.018488";"";"";"7524947";"";"";"2017-11-07 09:21:12.018488";"2";"4";"f";"";"0";"2017-08-14";"472.31";"1";"1";"5";"";"";"85";"85";"472.31";"";"";"";"";"f";"";"";"";"";"";"";"";"";"";"";"";"";"2017-11-06 02:18:57.120291";"2017-10-09";"";"";"";"";"";"";"472.31";"";"";"inclusao_alternativo_041017.csv";"19";"";"";"";"4294967295";"";"t";"t";"t";"t";"t";"t";"t";"t";"t";"t";"";"t";"t";"t";"t";"t";"f";"t";"t";"";"t";"t";"t";"t";"t";"";"";"";"";""
"5580654";"1186";"93646631015";"2017-11-06 10:20:01.213912";"";"";"7524973";"";"";"2017-11-06 10:20:01.213912";"2";"4";"f";"";"0";"2017-08-15";"7943.47";"1";"1";"5";"";"";"83";"83";"7943.47";"";"";"";"";"f";"";"";"";"";"";"";"";"";"";"";"";"";"2017-11-06 03:08:12.752787";"2017-10-09";"";"";"";"";"";"";"7943.47";"";"";"inclusao_alternativo_041017.csv";"167";"";"";"";"4294967295";"";"t";"t";"t";"t";"t";"t";"t";"t";"t";"t";"";"t";"t";"t";"t";"t";"f";"t";"t";"";"t";"t";"t";"t";"t";"";"";"";"";""
"5580664";"1186";"03229077130";"2017-11-06 02:17:06.17751";"";"";"7524983";"";"";"2017-11-06 02:17:06.38333";"2";"4";"f";"";"0";"2017-08-21";"1612.64";"1";"1";"5";"";"";"60";"60";"1612.64";"";"";"";"";"f";"";"";"";"";"";"";"";"";"";"";"";"";"2017-11-06 02:17:06.17751";"2017-10-09";"";"";"";"";"";"";"1612.64";"";"";"inclusao_alternativo_041017.csv";"15";"";"";"";"4294967295";"";"t";"t";"t";"t";"t";"t";"t";"t";"t";"t";"";"t";"t";"t";"t";"t";"f";"t";"t";"";"t";"t";"t";"t";"t";"";"";"";"";""
"5580612";"1186";"06691667409";"2017-11-06 02:23:48.891932";"";"";"7524924";"";"";"2017-11-06 02:23:49.297996";"2";"4";"f";"";"0";"2017-08-07";"434.19";"1";"1";"5";"";"";"85";"85";"434.19";"";"";"";"";"f";"";"";"";"";"";"";"";"";"";"";"";"";"2017-11-06 02:23:48.891932";"2017-10-09";"";"";"";"";"";"";"434.19";"";"";"inclusao_alternativo_041017.csv";"35";"";"";"";"4294967295";"";"t";"t";"t";"t";"t";"t";"t";"t";"t";"t";"";"t";"t";"t";"t";"t";"f";"t";"t";"";"t";"t";"t";"t";"t";"";"";"";"";""
"5587246";"1186";"33228566404";"2017-11-06 11:57:06.154863";"";"";"7531980";"";"";"2017-11-06 11:57:06.154863";"2";"4";"f";"";"0";"2016-11-04";"2189.53";"1";"1";"5";"";"";"367";"367";"2189.53";"";"";"";"";"f";"";"";"";"";"";"";"";"";"";"";"";"";"2017-11-06 11:46:08.190286";"2017-11-06";"";"";"";"";"";"";"2189.53";"";"2189.53";"Inclusão 04 e 05.11.csv";"386";"";"";"";"4294967295";"";"t";"t";"t";"t";"t";"t";"t";"t";"t";"t";"";"t";"t";"t";"t";"t";"f";"t";"t";"";"t";"t";"t";"t";"t";"";"";"";"";""
"5580558";"1186";"41725135817";"2017-11-06 02:50:14.091928";"";"";"7524862";"";"";"2017-11-06 02:50:14.450183";"2";"4";"f";"";"0";"2017-08-07";"15533.15";"1";"1";"5";"";"";"79";"79";"15533.15";"";"";"";"";"f";"";"";"";"";"";"";"";"";"";"";"";"";"2017-11-06 02:50:14.091928";"2017-10-09";"";"";"";"";"";"";"15533.15";"";"";"inclusao_alternativo_041017.csv";"121";"";"";"";"4294967295";"";"t";"t";"t";"t";"t";"t";"t";"t";"t";"t";"";"t";"t";"t";"t";"t";"f";"t";"t";"";"t";"t";"t";"t";"t";"";"";"";"";""
"5580613";"1186";"25206020826";"2017-11-06 02:39:03.487029";"";"";"7524925";"";"";"2017-11-06 02:39:04.031259";"2";"4";"f";"";"0";"2017-07-03";"412.90";"1";"1";"5";"";"";"112";"112";"412.90";"";"";"";"";"f";"";"";"";"";"";"";"";"";"";"";"";"";"2017-11-06 02:39:03.487029";"2017-10-09";"";"";"";"";"";"";"412.90";"";"";"inclusao_alternativo_041017.csv";"91";"";"";"";"4294967295";"";"t";"t";"t";"t";"t";"t";"t";"t";"t";"t";"";"t";"t";"t";"t";"t";"f";"t";"t";"";"t";"t";"t";"t";"t";"";"";"";"";""
"5580674";"1186";"25437623020";"2017-11-06 09:49:10.092854";"";"";"7524993";"";"";"2017-11-06 09:49:10.092854";"2";"4";"f";"";"0";"2017-07-10";"9323.39";"1";"1";"5";"";"";"119";"119";"9323.39";"";"";"";"";"f";"";"";"";"";"";"";"";"";"";"";"";"";"2017-11-06 02:39:14.915411";"2017-10-09";"";"";"";"";"";"";"9323.39";"";"";"inclusao_alternativo_041017.csv";"93";"";"";"";"4294967295";"";"t";"t";"t";"t";"t";"t";"t";"t";"t";"t";"";"t";"t";"t";"t";"t";"f";"t";"t";"";"t";"t";"t";"t";"t";"";"";"";"";""
"5580675";"1186";"99259303672";"2017-11-07 09:19:58.822904";"";"";"7524994";"";"";"2017-11-07 09:19:58.822904";"2";"4";"f";"";"0";"2017-07-20";"2475.18";"1";"1";"5";"";"";"110";"110";"2475.18";"";"";"";"";"f";"";"";"";"";"";"";"";"";"";"";"";"";"2017-11-06 03:09:56.442697";"2017-10-09";"";"";"";"";"";"";"2475.18";"";"";"inclusao_alternativo_041017.csv";"175";"";"";"";"4294967295";"";"t";"t";"t";"t";"t";"t";"t";"t";"t";"t";"";"t";"t";"t";"t";"t";"f";"t";"t";"";"t";"t";"t";"t";"t";"";"";"";"";""
"5580589";"1186";"04792131782";"2017-11-06 02:20:39.050171";"";"";"7524897";"";"";"2017-11-06 02:20:39.379209";"2";"4";"f";"";"0";"2017-07-28";"2232.87";"1";"1";"5";"";"";"84";"84";"2232.87";"";"";"";"";"f";"";"";"";"";"";"";"";"";"";"";"";"";"2017-11-06 02:20:39.050171";"2017-10-09";"";"";"";"";"";"";"2232.87";"";"";"inclusao_alternativo_041017.csv";"25";"";"";"";"4294967295";"";"t";"t";"t";"t";"t";"t";"t";"t";"t";"t";"";"t";"t";"t";"t";"t";"f";"t";"t";"";"t";"t";"t";"t";"t";"";"";"";"";""
"5580603";"1186";"11230189602";"2017-11-06 02:30:32.213893";"";"";"7524914";"";"";"2017-11-06 02:30:32.414911";"2";"4";"f";"";"0";"2017-07-04";"533.49";"1";"1";"5";"";"";"113";"113";"533.49";"";"";"";"";"f";"";"";"";"";"";"";"";"";"";"";"";"";"2017-11-06 02:30:32.213893";"2017-10-09";"";"";"";"";"";"";"533.49";"";"";"inclusao_alternativo_041017.csv";"57";"";"";"";"4294967295";"";"t";"t";"t";"t";"t";"t";"t";"t";"t";"t";"";"t";"t";"t";"t";"t";"f";"t";"t";"";"t";"t";"t";"t";"t";"";"";"";"";""
"5582714";"1186";"39260045843";"2017-11-06 10:23:26.35848";"";"";"7527161";"";"";"2017-11-06 10:23:26.35848";"2";"4";"f";"";"0";"2017-04-25";"2010.94";"1";"1";"5";"";"";"195";"195";"2010.94";"";"";"";"";"f";"";"";"";"";"";"";"";"";"";"";"";"";"2017-10-16 15:52:33.902822";"2017-10-16";"";"";"";"";"";"";"2010.94";"";"";"Inclusão 13.10.csv";"409";"";"";"";"4294967295";"";"t";"t";"t";"t";"t";"t";"t";"t";"t";"t";"";"t";"t";"t";"t";"t";"f";"t";"t";"";"t";"t";"t";"t";"t";"";"";"";"";""
"5580598";"1186";"12549771800";"2017-11-06 02:31:32.696246";"";"";"7524907";"";"";"2017-11-06 02:31:32.804635";"2";"4";"f";"";"0";"2017-08-07";"794.32";"1";"1";"5";"";"";"80";"80";"794.32";"";"";"";"";"f";"";"";"";"";"";"";"";"";"";"";"";"";"2017-11-06 02:31:32.696246";"2017-10-09";"";"";"";"";"";"";"794.32";"";"";"inclusao_alternativo_041017.csv";"62";"";"";"";"4294967295";"";"t";"t";"t";"t";"t";"t";"t";"t";"t";"t";"";"t";"t";"t";"t";"t";"f";"t";"t";"";"t";"t";"t";"t";"t";"";"";"";"";""
"5580545";"1186";"03083817428";"2017-11-06 02:16:51.511621";"";"";"7524848";"";"";"2017-11-06 02:16:51.663348";"2";"4";"f";"";"0";"2017-07-03";"623.34";"1";"1";"5";"";"";"112";"112";"623.34";"";"";"";"";"f";"";"";"";"";"";"";"";"";"";"";"";"";"2017-11-06 02:16:51.511621";"2017-10-09";"";"";"";"";"";"";"623.34";"";"";"inclusao_alternativo_041017.csv";"14";"";"";"";"4294967295";"";"t";"t";"t";"t";"t";"t";"t";"t";"t";"t";"";"t";"t";"t";"t";"t";"f";"t";"t";"";"t";"t";"t";"t";"t";"";"";"";"";""
"5580649";"1186";"15077292191";"2017-11-06 02:33:36.550719";"";"";"7524967";"";"";"2017-11-06 02:33:36.77359";"2";"4";"f";"";"0";"2017-08-07";"19713.38";"1";"1";"5";"";"2017-10-10 16:00:45.095252";"80";"80";"19713.38";"";"";"";"";"f";"";"";"";"";"";"";"";"";"";"";"";"";"2017-11-06 02:33:36.550719";"2017-10-09";"";"";"";"";"";"";"19713.38";"";"";"inclusao_alternativo_041017.csv";"71";"";"";"";"4294967295";"";"t";"t";"t";"t";"t";"t";"t";"t";"t";"t";"";"t";"t";"t";"t";"t";"f";"t";"t";"";"t";"t";"t";"t";"t";"";"";"";"";""
"5580555";"1186";"08663313446";"2017-11-06 02:27:14.123305";"";"";"7524858";"";"";"2017-11-06 02:27:14.542182";"2";"4";"f";"";"0";"2017-07-24";"9703.01";"1";"1";"5";"";"";"88";"88";"9703.01";"";"";"";"";"f";"";"";"";"";"";"";"";"";"";"";"";"";"2017-11-06 02:27:14.123305";"2017-10-09";"";"";"";"";"";"";"9703.01";"";"";"inclusao_alternativo_041017.csv";"47";"";"";"";"4294967295";"";"t";"t";"t";"t";"t";"t";"t";"t";"t";"t";"";"t";"t";"t";"t";"t";"f";"t";"t";"";"t";"t";"t";"t";"t";"";"";"";"";""
"5580576";"1186";"63370581272";"2017-11-06 02:57:44.600748";"";"";"7524882";"";"";"2017-11-06 02:57:44.807725";"2";"4";"f";"";"0";"2017-08-21";"9751.80";"1";"1";"5";"";"";"60";"60";"9751.80";"";"";"";"";"f";"";"";"";"";"";"";"";"";"";"";"";"";"2017-11-06 02:57:44.600748";"2017-10-09";"";"";"";"";"";"";"9751.80";"";"";"inclusao_alternativo_041017.csv";"145";"";"";"";"4294967295";"";"t";"t";"t";"t";"t";"t";"t";"t";"t";"t";"";"t";"t";"t";"t";"t";"f";"t";"t";"";"t";"t";"t";"t";"t";"";"";"";"";""
"5580606";"1186";"03884696769";"2017-11-06 02:18:40.94533";"";"";"7524917";"";"";"2017-11-06 02:18:41.291557";"2";"4";"f";"";"0";"2017-07-12";"662.23";"1";"1";"5";"";"";"100";"100";"662.23";"";"";"";"";"t";"";"";"";"";"";"";"";"";"";"";"";"";"2017-11-06 02:18:40.94533";"2017-10-09";"";"";"";"";"";"";"662.23";"";"";"inclusao_alternativo_041017.csv";"18";"";"";"";"4294967295";"";"t";"t";"t";"t";"t";"t";"t";"t";"t";"t";"";"t";"t";"t";"t";"t";"f";"t";"t";"";"t";"t";"t";"t";"t";"";"";"";"";""
"5580532";"1186";"23984953372";"2017-11-06 02:38:26.757132";"";"";"7524835";"";"";"2017-11-06 02:38:27.062266";"2";"4";"f";"";"0";"2017-08-10";"7323.57";"1";"1";"5";"";"";"81";"81";"7323.57";"";"";"";"";"f";"";"";"";"";"";"";"";"";"";"";"";"";"2017-11-06 02:38:26.757132";"2017-10-09";"";"";"";"";"";"";"7323.57";"";"";"inclusao_alternativo_041017.csv";"90";"";"";"";"4294967295";"";"t";"t";"t";"t";"t";"t";"t";"t";"t";"t";"";"t";"t";"t";"t";"t";"f";"t";"t";"";"t";"t";"t";"t";"t";"";"";"";"";""
"5580583";"1186";"35594745823";"2017-11-06 02:46:50.860491";"";"";"7524890";"";"";"2017-11-06 02:46:51.060316";"2";"4";"f";"";"0";"2017-07-27";"943.16";"1";"1";"5";"";"";"85";"85";"943.16";"";"";"";"";"f";"";"";"";"";"";"";"";"";"";"";"";"";"2017-11-06 02:46:50.860491";"2017-10-09";"";"";"";"";"";"";"943.16";"";"";"inclusao_alternativo_041017.csv";"109";"";"";"";"4294967295";"";"t";"t";"t";"t";"t";"t";"t";"t";"t";"t";"";"t";"t";"t";"t";"t";"f";"t";"t";"";"t";"t";"t";"t";"t";"";"";"";"";""
"5580615";"1186";"07931353463";"2017-11-06 02:25:55.043511";"";"";"7524927";"";"";"2017-11-06 02:25:55.961136";"2";"4";"f";"";"0";"2017-08-07";"746.35";"1";"1";"5";"";"";"79";"79";"746.35";"";"";"";"";"f";"";"";"";"";"";"";"";"";"";"";"";"";"2017-11-06 02:25:55.043511";"2017-10-09";"";"";"";"";"";"";"746.35";"";"";"inclusao_alternativo_041017.csv";"40";"";"";"";"4294967295";"";"t";"t";"t";"t";"t";"t";"t";"t";"t";"t";"";"t";"t";"t";"t";"t";"f";"t";"t";"";"t";"t";"t";"t";"t";"";"";"";"";""
"5580624";"1186";"14907495862";"2017-11-06 02:33:26.767699";"";"";"7524936";"";"";"2017-11-06 02:33:26.994159";"2";"4";"f";"";"0";"2017-08-07";"2252.06";"1";"1";"5";"";"";"79";"79";"2252.06";"";"";"";"";"f";"";"";"";"";"";"";"";"";"";"";"";"";"2017-11-06 02:33:26.767699";"2017-10-09";"";"";"";"";"";"";"2252.06";"";"";"inclusao_alternativo_041017.csv";"70";"";"";"";"4294967295";"";"t";"t";"t";"t";"t";"t";"t";"t";"t";"t";"";"t";"t";"t";"t";"t";"f";"t";"t";"";"t";"t";"t";"t";"t";"";"";"";"";""
"5580562";"1186";"36405701468";"2017-11-06 02:47:07.107462";"";"";"7524866";"";"";"2017-11-06 02:47:08.227231";"2";"4";"f";"";"0";"2017-08-04";"192.56";"1";"1";"5";"";"";"82";"82";"192.56";"";"";"";"";"f";"";"";"";"";"";"";"";"";"";"";"";"";"2017-11-06 02:47:07.107462";"2017-10-09";"";"";"";"";"";"";"192.56";"";"";"inclusao_alternativo_041017.csv";"112";"";"";"";"4294967295";"";"t";"t";"t";"t";"t";"t";"t";"t";"t";"t";"";"t";"t";"t";"t";"t";"f";"t";"t";"";"t";"t";"t";"t";"t";"";"";"";"";""
"5580618";"1186";"08739393879";"2017-11-06 02:27:27.123841";"";"";"7524930";"";"";"2017-11-06 02:27:28.173672";"2";"4";"f";"";"0";"2017-08-01";"1283.38";"1";"1";"5";"";"";"91";"91";"1283.38";"";"";"";"";"f";"";"";"";"";"";"";"";"";"";"";"";"";"2017-11-06 02:27:27.123841";"2017-10-09";"";"";"";"";"";"";"1283.38";"";"";"inclusao_alternativo_041017.csv";"48";"";"";"";"4294967295";"";"t";"t";"t";"t";"t";"t";"t";"t";"t";"t";"";"t";"t";"t";"t";"t";"f";"t";"t";"";"t";"t";"t";"t";"t";"";"";"";"";""
"5580575";"1186";"19246412400";"2017-11-07 09:18:50.754047";"";"";"7524881";"";"";"2017-11-07 09:18:50.754047";"2";"4";"f";"";"0";"2017-08-10";"832.42";"1";"1";"5";"";"";"89";"89";"832.42";"";"";"";"";"f";"";"";"";"";"";"";"";"";"";"";"";"";"2017-11-06 02:36:19.537114";"2017-10-09";"";"";"";"";"";"";"832.42";"";"";"inclusao_alternativo_041017.csv";"84";"";"";"";"4294967295";"";"t";"t";"t";"t";"t";"t";"t";"t";"t";"t";"";"t";"t";"t";"t";"t";"f";"t";"t";"";"t";"t";"t";"t";"t";"";"";"";"";""
"5580580";"1186";"01753136873";"2017-11-07 09:19:23.862862";"";"";"7524887";"";"";"2017-11-07 09:19:23.862862";"2";"4";"f";"";"0";"2017-07-31";"2144.30";"1";"1";"5";"";"";"99";"99";"2144.30";"";"";"";"";"f";"";"";"";"";"";"";"";"";"";"";"";"";"2017-11-07 03:39:55.49345";"2017-10-09";"";"";"";"";"";"";"2144.30";"";"";"inclusao_alternativo_041017.csv";"6";"";"";"";"4294967295";"";"t";"t";"t";"t";"t";"t";"t";"t";"t";"t";"";"t";"t";"t";"t";"t";"f";"t";"t";"";"t";"t";"t";"t";"t";"";"";"";"";""
"5580581";"1186";"76200418691";"2017-11-06 03:01:58.051152";"";"";"7524888";"";"";"2017-11-06 03:01:58.174173";"2";"4";"f";"";"0";"2017-08-09";"9030.53";"1";"1";"5";"";"";"82";"82";"9030.53";"";"";"";"";"f";"";"";"";"";"";"";"";"";"";"";"";"";"2017-11-06 03:01:58.051152";"2017-10-09";"";"";"";"";"";"";"9030.53";"";"";"inclusao_alternativo_041017.csv";"149";"";"";"";"4294967295";"";"t";"t";"t";"t";"t";"t";"t";"t";"t";"t";"";"t";"t";"t";"t";"t";"f";"t";"t";"";"t";"t";"t";"t";"t";"";"";"";"";""
"5580642";"1186";"98080920397";"2017-11-06 03:09:41.781655";"";"";"7524957";"";"";"2017-11-06 03:09:42.387841";"2";"4";"f";"";"0";"2017-07-10";"483.13";"1";"1";"5";"";"";"112";"112";"483.13";"";"";"";"";"f";"";"";"";"";"";"";"";"";"";"";"";"";"2017-11-06 03:09:41.781655";"2017-10-09";"";"";"";"";"";"";"483.13";"";"";"inclusao_alternativo_041017.csv";"172";"";"";"";"4294967295";"";"t";"t";"t";"t";"t";"t";"t";"t";"t";"t";"";"t";"t";"t";"t";"t";"f";"t";"t";"";"t";"t";"t";"t";"t";"";"";"";"";""
"5580584";"1186";"20639511287";"2017-11-06 02:36:48.020952";"";"";"7524891";"";"";"2017-11-06 02:36:48.409835";"2";"4";"f";"";"0";"2017-08-09";"2017.57";"1";"1";"5";"";"";"82";"82";"2017.57";"";"";"";"";"f";"";"";"";"";"";"";"";"";"";"";"";"";"2017-11-06 02:36:48.020952";"2017-10-09";"";"";"";"";"";"";"2017.57";"";"";"inclusao_alternativo_041017.csv";"86";"";"";"";"4294967295";"";"t";"t";"t";"t";"t";"t";"t";"t";"t";"t";"";"t";"t";"t";"t";"t";"f";"t";"t";"";"t";"t";"t";"t";"t";"";"";"";"";""
"5580648";"1186";"30975760610";"2017-11-06 02:43:28.111921";"";"";"7524966";"";"";"2017-11-06 02:43:28.255551";"2";"4";"f";"";"0";"2017-07-26";"554.04";"1";"1";"5";"";"";"86";"86";"554.04";"";"";"";"";"f";"";"";"";"";"";"";"";"";"";"";"";"";"2017-11-06 02:43:28.111921";"2017-10-09";"";"";"";"";"";"";"554.04";"";"";"inclusao_alternativo_041017.csv";"106";"";"";"";"4294967295";"";"t";"t";"t";"t";"t";"t";"t";"t";"t";"t";"";"t";"t";"t";"t";"t";"f";"t";"t";"";"t";"t";"t";"t";"t";"";"";"";"";""
"5580595";"1186";"41738770800";"2017-11-07 09:21:52.091462";"";"";"7524903";"";"";"2017-11-07 09:21:52.091462";"2";"4";"f";"";"0";"2017-08-23";"623.22";"1";"1";"5";"";"";"76";"76";"623.22";"";"";"";"";"f";"";"";"";"";"";"";"";"";"";"";"";"";"2017-11-06 02:50:06.480439";"2017-10-09";"";"";"";"";"";"";"623.22";"";"";"inclusao_alternativo_041017.csv";"122";"";"";"";"4294967295";"";"t";"t";"t";"t";"t";"t";"t";"t";"t";"t";"";"t";"t";"t";"t";"t";"f";"t";"t";"";"t";"t";"t";"t";"t";"";"";"";"";""
"5580596";"1186";"02046446313";"2017-11-07 09:19:21.266329";"";"";"7524905";"";"";"2017-11-07 09:19:21.266329";"2";"4";"f";"";"0";"2017-08-15";"511.96";"1";"1";"5";"";"";"84";"84";"511.96";"";"";"";"";"f";"";"";"";"";"";"";"";"";"";"";"";"";"2017-11-07 03:41:08.675068";"2017-10-09";"";"";"";"";"";"";"511.96";"";"";"inclusao_alternativo_041017.csv";"8";"";"";"";"4294967295";"";"t";"t";"t";"t";"t";"t";"t";"t";"t";"t";"";"t";"t";"t";"t";"t";"f";"t";"t";"";"t";"t";"t";"t";"t";"";"";"";"";""
"5580628";"1186";"38042045034";"2017-11-07 09:19:44.120803";"";"";"7524941";"";"";"2017-11-07 09:19:44.120803";"2";"4";"f";"";"0";"2017-08-17";"4942.04";"1";"1";"5";"";"";"82";"82";"4942.04";"";"";"";"";"f";"";"";"";"";"";"";"";"";"";"";"";"";"2017-11-06 02:48:00.166199";"2017-10-09";"";"";"";"";"";"";"4942.04";"";"";"inclusao_alternativo_041017.csv";"115";"";"";"";"4294967295";"";"t";"t";"t";"t";"t";"t";"t";"t";"t";"t";"";"t";"t";"t";"t";"t";"f";"t";"t";"";"t";"t";"t";"t";"t";"";"";"";"";""
"5580630";"1186";"02871102732";"2017-11-07 09:19:29.647527";"";"";"7524943";"";"";"2017-11-07 09:19:29.647527";"2";"4";"f";"";"0";"2017-08-15";"1272.54";"1";"1";"5";"";"";"84";"84";"1272.54";"";"";"";"";"f";"";"";"";"";"";"";"";"";"";"";"";"";"2017-11-06 02:16:16.291923";"2017-10-09";"";"";"";"";"";"";"1272.54";"";"";"inclusao_alternativo_041017.csv";"12";"";"";"";"4294967295";"";"t";"t";"t";"t";"t";"t";"t";"t";"t";"t";"";"t";"t";"t";"t";"t";"f";"t";"t";"";"t";"t";"t";"t";"t";"";"";"";"";""
"5580591";"1186";"98199870672";"2017-11-06 03:09:40.789304";"";"";"7524899";"";"";"2017-11-06 03:09:40.878247";"2";"4";"f";"";"0";"2017-08-21";"323.05";"1";"1";"5";"";"";"60";"60";"323.05";"";"";"";"";"f";"";"";"";"";"";"";"";"";"";"";"";"";"2017-11-06 03:09:40.789304";"2017-10-09";"";"";"";"";"";"";"323.05";"";"";"inclusao_alternativo_041017.csv";"173";"";"";"";"4294967295";"";"t";"t";"t";"t";"t";"t";"t";"t";"t";"t";"";"t";"t";"t";"t";"t";"f";"t";"t";"";"t";"t";"t";"t";"t";"";"";"";"";""
"5580629";"1186";"12858649804";"2017-11-06 02:31:47.526368";"";"";"7524942";"";"";"2017-11-06 02:31:47.644466";"2";"4";"f";"";"0";"2017-08-09";"974.75";"1";"1";"5";"";"";"82";"82";"974.75";"";"";"";"";"f";"";"";"";"";"";"";"";"";"";"";"";"";"2017-11-06 02:31:47.526368";"2017-10-09";"";"";"";"";"";"";"974.75";"";"";"inclusao_alternativo_041017.csv";"63";"";"";"";"4294967295";"";"t";"t";"t";"t";"t";"t";"t";"t";"t";"t";"";"t";"t";"t";"t";"t";"f";"t";"t";"";"t";"t";"t";"t";"t";"";"";"";"";""
"5580651";"1186";"08285641830";"2017-11-07 09:18:45.191519";"";"";"7524969";"";"";"2017-11-07 09:18:45.191519";"2";"4";"f";"";"0";"2017-08-23";"2703.47";"1";"1";"5";"";"";"76";"76";"2703.47";"";"";"";"";"f";"";"";"";"";"";"";"";"";"";"";"";"";"2017-11-06 02:26:34.074167";"2017-10-09";"";"";"";"";"";"";"2703.47";"";"";"inclusao_alternativo_041017.csv";"44";"";"";"";"4294967295";"";"t";"t";"t";"t";"t";"t";"t";"t";"t";"t";"";"t";"t";"t";"t";"t";"f";"t";"t";"";"t";"t";"t";"t";"t";"";"";"";"";""
"5580681";"1186";"12163406504";"2017-11-07 09:18:55.365964";"";"";"7525001";"";"";"2017-11-07 09:18:55.365964";"2";"4";"f";"";"0";"2017-07-25";"682.65";"1";"1";"5";"";"";"105";"105";"682.65";"";"";"";"";"f";"";"";"";"";"";"";"";"";"";"";"";"";"2017-11-06 02:31:20.770365";"2017-10-09";"";"";"";"";"";"";"682.65";"";"";"inclusao_alternativo_041017.csv";"58";"";"";"";"4294967295";"";"t";"t";"t";"t";"t";"t";"t";"t";"t";"t";"";"t";"t";"t";"t";"t";"f";"t";"t";"";"t";"t";"t";"t";"t";"";"";"";"";""
"5580611";"1186";"16666097491";"2017-11-06 02:34:37.624535";"";"";"7524923";"";"";"2017-11-06 02:34:38.083914";"2";"4";"f";"";"0";"2017-08-07";"1066.30";"1";"1";"5";"";"";"79";"79";"1066.30";"";"";"";"";"f";"";"";"";"";"";"";"";"";"";"";"";"";"2017-11-06 02:34:37.624535";"2017-10-09";"";"";"";"";"";"";"1066.30";"";"";"inclusao_alternativo_041017.csv";"75";"";"";"";"4294967295";"";"t";"t";"t";"t";"t";"t";"t";"t";"t";"t";"";"t";"t";"t";"t";"t";"f";"t";"t";"";"t";"t";"t";"t";"t";"";"";"";"";""
"5580604";"1186";"47498358204";"2017-11-06 02:52:33.653597";"";"";"7524915";"";"";"2017-11-06 02:52:34.118437";"2";"4";"f";"";"0";"2017-08-14";"694.16";"1";"1";"5";"";"";"79";"79";"694.16";"";"";"";"";"f";"";"";"";"";"";"";"";"";"";"";"";"";"2017-11-06 02:52:33.653597";"2017-10-09";"";"";"";"";"";"";"694.16";"";"";"inclusao_alternativo_041017.csv";"129";"";"";"";"4294967295";"";"t";"t";"t";"t";"t";"t";"t";"t";"t";"t";"";"t";"t";"t";"t";"t";"f";"t";"t";"";"t";"t";"t";"t";"t";"";"";"";"";""
"5580657";"1186";"08068219811";"2017-11-06 02:26:15.713277";"";"";"7524976";"";"";"2017-11-06 02:26:15.809208";"2";"4";"f";"";"0";"2017-08-08";"3930.38";"1";"1";"5";"";"";"80";"80";"3930.38";"";"";"";"";"f";"";"";"";"";"";"";"";"";"";"";"";"";"2017-11-06 02:26:15.713277";"2017-10-09";"";"";"";"";"";"";"3930.38";"";"";"inclusao_alternativo_041017.csv";"43";"";"";"";"4294967295";"";"t";"t";"t";"t";"t";"t";"t";"t";"t";"t";"";"t";"t";"t";"t";"t";"f";"t";"t";"";"t";"t";"t";"t";"t";"";"";"";"";""
"5580553";"1186";"38377004291";"2017-11-06 02:48:15.744049";"";"";"7524856";"";"";"2017-11-06 02:48:16.016843";"2";"4";"f";"";"0";"2017-08-14";"1142.64";"1";"1";"5";"";"";"81";"81";"1142.64";"";"";"";"";"f";"";"";"";"";"";"";"";"";"";"";"";"";"2017-11-06 02:48:15.744049";"2017-10-09";"";"";"";"";"";"";"1142.64";"";"";"inclusao_alternativo_041017.csv";"116";"";"";"";"4294967295";"";"t";"t";"t";"t";"t";"t";"t";"t";"t";"t";"";"t";"t";"t";"t";"t";"f";"t";"t";"";"t";"t";"t";"t";"t";"";"";"";"";""
"5580554";"1186";"06790990852";"2017-11-07 09:22:20.686536";"";"";"7524857";"";"";"2017-11-07 09:22:20.686536";"2";"4";"f";"";"0";"2017-08-15";"6072.34";"1";"1";"5";"";"";"84";"84";"6072.34";"";"";"";"";"f";"";"";"";"";"";"";"";"";"";"";"";"";"2017-11-06 02:24:00.152225";"2017-10-09";"";"";"";"";"";"";"6072.34";"";"";"inclusao_alternativo_041017.csv";"36";"";"";"";"4294967295";"";"t";"t";"t";"t";"t";"t";"t";"t";"t";"t";"";"t";"t";"t";"t";"t";"f";"t";"t";"";"t";"t";"t";"t";"t";"";"";"";"";""
"5580573";"1186";"50944436820";"2017-11-06 02:53:35.552294";"";"";"7524879";"";"";"2017-11-06 02:53:35.776698";"2";"4";"f";"";"0";"2017-07-03";"1222.52";"1";"1";"5";"";"";"120";"120";"1222.52";"";"";"";"";"f";"";"";"";"";"";"";"";"";"";"";"";"";"2017-11-06 02:53:35.552294";"2017-10-09";"";"";"";"";"";"";"1222.52";"";"";"inclusao_alternativo_041017.csv";"134";"";"";"";"4294967295";"";"t";"t";"t";"t";"t";"t";"t";"t";"t";"t";"";"t";"t";"t";"t";"t";"f";"t";"t";"";"t";"t";"t";"t";"t";"";"";"";"";""
"5580564";"1186";"48029670397";"2017-11-07 09:21:36.334814";"";"";"7524869";"";"";"2017-11-07 09:21:36.334814";"2";"4";"f";"";"0";"2017-08-21";"852.32";"1";"1";"5";"";"";"78";"78";"852.32";"";"";"";"";"f";"";"";"";"";"";"";"";"";"";"";"";"";"2017-11-06 02:52:42.005044";"2017-10-09";"";"";"";"";"";"";"852.32";"";"";"inclusao_alternativo_041017.csv";"130";"";"";"";"4294967295";"";"t";"t";"t";"t";"t";"t";"t";"t";"t";"t";"";"t";"t";"t";"t";"t";"f";"t";"t";"";"t";"t";"t";"t";"t";"";"";"";"";""
"5580683";"1186";"08544173896";"2017-11-06 02:26:49.236274";"";"";"7525003";"";"";"2017-11-06 02:26:49.370371";"2";"4";"f";"";"0";"2017-08-30";"472.29";"1";"1";"5";"";"";"51";"51";"472.29";"";"";"";"";"f";"";"";"";"";"";"";"";"";"";"";"";"";"2017-11-06 02:26:49.236274";"2017-10-09";"";"";"";"";"";"";"472.29";"";"";"inclusao_alternativo_041017.csv";"46";"";"";"";"4294967295";"";"t";"t";"t";"t";"t";"t";"t";"t";"t";"t";"";"t";"t";"t";"t";"t";"f";"t";"t";"";"t";"t";"t";"t";"t";"";"";"";"";""
"5580627";"1186";"30026377420";"2017-11-06 02:42:49.419487";"";"";"7524939";"";"";"2017-11-06 02:42:49.561739";"2";"4";"f";"";"0";"2017-08-08";"663.76";"1";"1";"5";"";"";"80";"80";"663.76";"";"";"";"";"f";"";"";"";"";"";"";"";"";"";"";"";"";"2017-11-06 02:42:49.419487";"2017-10-09";"";"";"";"";"";"";"663.76";"";"";"inclusao_alternativo_041017.csv";"104";"";"";"";"4294967295";"";"t";"t";"t";"t";"t";"t";"t";"t";"t";"t";"";"t";"t";"t";"t";"t";"f";"t";"t";"";"t";"t";"t";"t";"t";"";"";"";"";""
"5580658";"1186";"46295062415";"2017-11-06 02:52:15.328611";"";"";"7524977";"";"f";"2017-11-06 02:52:15.632186";"2";"4";"f";"";"0";"2017-07-10";"4292.48";"1";"1";"5";"";"";"112";"112";"4292.48";"";"";"";"";"f";"";"";"";"";"";"";"";"";"";"";"";"";"2017-11-06 02:52:15.328611";"2017-10-09";"";"";"";"";"";"";"4292.48";"";"";"inclusao_alternativo_041017.csv";"127";"";"";"";"4294967295";"";"t";"t";"t";"t";"t";"t";"t";"t";"t";"t";"";"t";"t";"t";"t";"t";"f";"t";"t";"";"t";"t";"t";"t";"t";"";"";"";"";""
"5580540";"1186";"10979605440";"2017-11-06 02:30:17.266411";"";"";"7524843";"";"";"2017-11-06 02:30:17.402276";"2";"4";"f";"";"0";"2017-08-09";"163.24";"1";"1";"5";"";"";"84";"84";"163.24";"";"";"";"";"f";"";"";"";"";"";"";"";"";"";"";"";"";"2017-11-06 02:30:17.266411";"2017-10-09";"";"";"";"";"";"";"163.24";"";"";"inclusao_alternativo_041017.csv";"56";"";"";"";"4294967295";"";"t";"t";"t";"t";"t";"t";"t";"t";"t";"t";"";"t";"t";"t";"t";"t";"f";"t";"t";"";"t";"t";"t";"t";"t";"";"";"";"";""
"5580625";"1186";"99973308115";"2017-11-07 09:20:19.764251";"";"";"7524937";"";"";"2017-11-07 09:20:19.764251";"2";"4";"f";"";"0";"2017-08-14";"9842.20";"1";"1";"5";"";"";"85";"85";"9842.20";"";"";"";"";"f";"";"";"";"";"";"";"";"";"";"";"";"";"2017-11-06 03:10:14.364077";"2017-10-09";"";"";"";"";"";"";"9842.20";"";"";"inclusao_alternativo_041017.csv";"177";"";"";"";"4294967295";"";"t";"t";"t";"t";"t";"t";"t";"t";"t";"t";"";"t";"t";"t";"t";"t";"f";"t";"t";"";"t";"t";"t";"t";"t";"";"";"";"";""
"5580609";"1186";"14903331857";"2017-11-07 09:20:40.82874";"";"";"7524921";"";"";"2017-11-07 09:20:40.82874";"2";"4";"f";"";"0";"2017-08-16";"712.46";"1";"1";"5";"";"";"83";"83";"712.46";"";"";"";"";"f";"";"";"";"";"";"";"";"";"";"";"";"";"2017-11-06 02:33:25.347452";"2017-10-09";"";"";"";"";"";"";"712.46";"";"";"inclusao_alternativo_041017.csv";"69";"";"";"";"4294967295";"";"t";"t";"t";"t";"t";"t";"t";"t";"t";"t";"";"t";"t";"t";"t";"t";"f";"t";"t";"";"t";"t";"t";"t";"t";"";"";"";"";""
"5580563";"1186";"00353851035";"2017-11-07 03:34:26.829441";"";"";"7524868";"";"";"2017-11-07 03:34:28.262867";"2";"4";"f";"";"0";"2017-07-10";"2613.16";"1";"1";"5";"";"";"112";"112";"2613.16";"";"";"";"";"f";"";"";"";"";"";"";"";"";"";"";"";"";"2017-11-07 03:34:26.829441";"2017-10-09";"";"";"";"";"";"";"2613.16";"";"";"inclusao_alternativo_041017.csv";"2";"";"";"";"4294967295";"";"t";"t";"t";"t";"t";"t";"t";"t";"t";"t";"";"t";"t";"t";"t";"t";"f";"t";"t";"";"t";"t";"t";"t";"t";"";"";"";"";""
"5583026";"1186";"06504879826";"2017-11-01 12:25:49.885755";"";"";"7527491";"";"";"2017-11-01 12:25:49.885755";"2";"4";"f";"";"0";"2017-07-21";"2393.27";"1";"1";"5";"";"";"103";"103";"2393.27";"";"";"";"";"f";"";"";"";"";"";"";"";"";"";"";"";"";"2017-10-16 16:30:59.999069";"2017-10-16";"";"";"";"";"";"";"2393.27";"";"2393.27";"Inclusão 14.10.csv";"234";"";"";"";"4294967295";"";"t";"t";"t";"t";"t";"t";"t";"t";"t";"t";"";"t";"t";"t";"t";"t";"f";"t";"t";"";"t";"t";"t";"t";"t";"";"";"";"";""
"5580568";"1186";"36638358553";"2017-11-06 02:47:17.256466";"";"";"7524873";"";"";"2017-11-06 02:47:17.477167";"2";"4";"f";"";"0";"2017-07-24";"3072.29";"1";"1";"5";"";"";"88";"88";"3072.29";"";"";"";"";"f";"";"";"";"";"";"";"";"";"";"";"";"";"2017-11-06 02:47:17.256466";"2017-10-09";"";"";"";"";"";"";"3072.29";"";"";"inclusao_alternativo_041017.csv";"113";"";"";"";"4294967295";"";"t";"t";"t";"t";"t";"t";"t";"t";"t";"t";"";"t";"t";"t";"t";"t";"f";"t";"t";"";"t";"t";"t";"t";"t";"";"";"";"";""
"5580518";"1186";"02654151107";"2017-11-07 03:43:04.490785";"";"";"7524820";"";"";"2017-11-07 03:43:04.777023";"2";"4";"f";"";"0";"2017-07-20";"632.34";"1";"1";"5";"";"";"92";"92";"632.34";"";"";"";"";"f";"";"";"";"";"";"";"";"";"";"";"";"";"2017-11-07 03:43:04.490785";"2017-10-09";"";"";"";"";"";"";"632.34";"";"";"inclusao_analitico_041017.csv";"76";"";"";"";"4294967295";"";"t";"t";"t";"t";"t";"t";"t";"t";"t";"t";"";"t";"t";"t";"t";"t";"f";"t";"t";"";"t";"t";"t";"t";"t";"";"";"";"";""
"5580620";"1186";"95648879920";"2017-11-07 09:20:51.565139";"";"";"7524932";"";"";"2017-11-07 09:20:51.565139";"2";"4";"f";"";"0";"2017-08-11";"1912.31";"1";"1";"5";"";"";"88";"88";"1912.31";"";"";"";"";"f";"";"";"";"";"";"";"";"";"";"";"";"";"2017-11-06 03:08:51.975049";"2017-10-09";"";"";"";"";"";"";"1912.31";"";"";"inclusao_alternativo_041017.csv";"168";"";"";"";"4294967295";"";"t";"t";"t";"t";"t";"t";"t";"t";"t";"t";"";"t";"t";"t";"t";"t";"f";"t";"t";"";"t";"t";"t";"t";"t";"";"";"";"";""
"5580644";"1186";"88766527104";"2017-11-06 03:06:23.213962";"";"";"7524960";"";"";"2017-11-06 03:06:23.9241";"2";"4";"f";"";"0";"2017-06-28";"4908.08";"1";"1";"5";"";"";"114";"114";"4908.08";"";"";"";"";"f";"";"";"";"";"";"";"";"";"";"";"";"";"2017-11-06 03:06:23.213962";"2017-10-09";"";"";"";"";"";"";"4908.08";"";"";"inclusao_alternativo_041017.csv";"161";"";"";"";"4294967295";"";"t";"t";"t";"t";"t";"t";"t";"t";"t";"t";"";"t";"t";"t";"t";"t";"f";"t";"t";"";"t";"t";"t";"t";"t";"";"";"";"";""
